EV_ID,Status,Distance_km,Gross_Profit_Eur,Charging_Cost_Eur,Net_Profit_Eur,Times_Charged,Wait_Time_mins,Final_SoC
0,waiting,301.50,211.05,110.75,100.30,3,652,0.16
1,waiting,261.00,182.70,73.81,108.89,3,201,0.19
2,driving,365.50,255.85,121.00,134.85,4,478,0.27
3,driving,254.50,178.15,78.50,99.65,3,228,0.83
4,driving,331.00,231.70,136.40,95.30,4,179,0.32
5,driving,350.50,245.35,151.99,93.36,4,339,0.36
6,driving,240.00,168.00,112.19,55.81,3,428,0.73
7,driving,396.00,277.20,202.25,74.95,5,371,0.60
8,driving,360.50,252.35,166.17,86.18,5,75,0.83
9,charging,333.50,233.45,103.74,129.71,4,336,0.30
10,driving,357.00,249.90,175.04,74.86,5,73,0.78
11,driving,523.50,366.45,237.00,129.45,6,62,0.43
12,driving,242.50,169.75,71.21,98.54,3,254,0.75
13,driving,324.00,226.80,139.36,87.44,4,410,0.61
14,driving,425.50,297.85,181.35,116.50,5,0,0.23
15,driving,419.50,293.65,205.75,87.90,5,311,0.47
16,waiting,238.00,166.60,63.46,103.14,2,675,0.18
17,waiting,313.00,219.10,95.46,123.64,3,466,0.19
18,driving,446.00,312.20,196.28,115.92,6,45,0.70
19,charging,433.00,303.10,200.50,102.60,5,292,0.18
20,driving,362.50,253.75,196.00,57.75,4,475,0.46
21,driving,420.00,294.00,199.74,94.26,5,157,0.48
22,driving,393.00,275.10,156.90,118.20,5,16,0.42
23,waiting,264.00,184.80,89.66,95.14,3,362,0.15
24,charging,379.50,265.65,126.68,138.97,4,78,0.25
25,driving,304.00,212.80,138.63,74.17,4,236,0.51
26,waiting,390.50,273.35,119.50,153.85,4,433,0.16
27,waiting,334.50,234.15,86.50,147.65,4,198,0.12
28,charging,541.50,379.05,218.75,160.30,6,0,0.16
29,charging,443.50,310.45,158.30,152.15,5,6,0.40
30,charging,463.50,324.45,188.24,136.21,5,43,0.85
31,driving,410.00,287.00,169.50,117.50,5,334,0.55
32,driving,397.50,278.25,173.90,104.35,5,190,0.34
33,driving,426.50,298.55,169.75,128.80,5,285,0.48
34,driving,364.50,255.15,158.25,96.90,4,306,0.49
35,driving,347.00,242.90,150.88,92.02,4,356,0.56
36,charging,350.50,245.35,154.77,90.58,4,0,0.74
37,driving,436.00,305.20,175.80,129.40,5,142,0.51
38,driving,288.00,201.60,76.23,125.37,3,217,0.38
39,driving,382.50,267.75,190.18,77.57,5,193,0.85
40,charging,352.50,246.75,119.13,127.62,4,44,0.50
41,driving,321.00,224.70,135.45,89.25,4,419,0.59
42,waiting,410.50,287.35,168.05,119.30,5,172,0.18
43,charging,346.00,242.20,108.29,133.91,4,273,0.42
44,driving,353.50,247.45,139.44,108.01,4,329,0.63
45,charging,379.50,265.65,151.64,114.01,4,240,0.33
46,driving,518.00,362.60,252.75,109.85,6,57,0.59
47,driving,396.00,277.20,151.65,125.55,5,178,0.55
48,waiting,373.00,261.10,159.03,102.07,4,260,0.17
49,waiting,190.00,133.00,45.31,87.69,2,749,0.16
50,waiting,180.50,126.35,40.44,85.91,2,605,0.19
51,waiting,347.00,242.90,133.56,109.34,4,180,0.16
52,driving,389.00,272.30,154.13,118.17,5,66,0.58
53,driving,356.00,249.20,118.77,130.43,4,0,0.38
54,driving,364.50,255.15,153.43,101.72,5,80,0.72
55,driving,318.00,222.60,117.68,104.92,4,74,0.45
56,driving,443.00,310.10,183.73,126.37,5,53,0.34
57,charging,346.00,242.20,173.36,68.84,4,140,0.68
58,waiting,218.50,152.95,47.23,105.72,2,549,0.16
59,driving,448.00,313.60,198.97,114.63,6,14,0.72
60,charging,475.00,332.50,178.15,154.35,5,33,0.22
61,waiting,216.50,151.55,52.65,98.90,2,499,0.16
62,driving,419.00,293.30,153.28,140.02,5,150,0.48
63,driving,439.50,307.65,180.68,126.97,5,102,0.53
64,waiting,274.00,191.80,87.05,104.75,3,394,0.15
65,driving,260.00,182.00,121.89,60.11,3,591,0.73
66,driving,337.00,235.90,123.87,112.03,4,178,0.58
67,driving,418.50,292.95,179.58,113.37,5,134,0.74
68,waiting,337.50,236.25,151.40,84.85,4,341,0.14
69,driving,297.50,208.25,137.44,70.81,4,264,0.64
70,driving,408.50,285.95,164.75,121.20,5,352,0.67
71,driving,469.00,328.30,195.15,133.15,6,3,0.58
72,driving,375.00,262.50,121.41,141.09,4,149,0.20
73,driving,472.00,330.40,215.50,114.90,6,167,0.78
74,driving,407.00,284.90,135.71,149.19,5,1,0.42
75,driving,402.00,281.40,136.95,144.45,5,5,0.56
76,charging,306.00,214.20,110.96,103.24,3,564,0.40
77,moving_to_station,364.50,255.15,85.25,169.90,4,170,0.18
78,driving,418.00,292.60,152.47,140.13,5,112,0.32
79,waiting,262.50,183.75,109.47,74.28,3,527,0.19
80,driving,445.00,311.50,187.77,123.73,5,84,0.49
81,driving,418.50,292.95,195.75,97.20,5,303,0.76
82,driving,346.00,242.20,136.22,105.98,4,361,0.71
83,waiting,277.00,193.90,92.18,101.72,3,533,0.18
84,driving,362.00,253.40,170.19,83.21,5,85,0.80
85,charging,379.00,265.30,120.79,144.51,4,193,0.53
86,charging,293.50,205.45,95.28,110.17,3,135,0.73
87,driving,412.50,288.75,206.50,82.25,5,316,0.54
88,driving,316.00,221.20,120.59,100.61,4,232,0.83
89,driving,301.00,210.70,149.74,60.96,4,464,0.70
90,charging,311.00,217.70,95.13,122.57,3,425,0.29
91,waiting,285.50,199.85,112.28,87.57,3,511,0.16
92,waiting,299.50,209.65,91.83,117.82,3,485,0.12
93,waiting,354.00,247.80,122.50,125.30,4,467,0.16
94,driving,337.50,236.25,126.81,109.44,4,169,0.53
95,driving,349.00,244.30,139.22,105.08,4,143,0.39
96,driving,352.00,246.40,163.96,82.44,5,248,0.80
97,charging,355.50,248.85,150.23,98.62,4,1,0.68
98,driving,537.50,376.25,219.25,157.00,6,6,0.26
99,charging,336.00,235.20,149.11,86.09,4,63,0.56
100,driving,314.00,219.80,154.00,65.80,4,566,0.74
101,moving_to_station,478.50,334.95,151.74,183.21,5,39,0.17
102,driving,537.50,376.25,221.50,154.75,6,37,0.28
103,driving,299.00,209.30,123.40,85.90,4,279,0.56
104,driving,433.50,303.45,163.18,140.27,5,138,0.55
105,driving,398.50,278.95,157.30,121.65,5,4,0.44
106,waiting,368.50,257.95,126.50,131.45,4,292,0.18
107,driving,331.00,231.70,119.76,111.94,4,29,0.39
108,driving,408.00,285.60,166.65,118.95,5,193,0.61
109,charging,347.50,243.25,163.38,79.87,4,277,0.90
110,driving,363.50,254.45,159.78,94.67,5,78,0.68
111,driving,425.50,297.85,220.26,77.59,6,63,0.87
112,waiting,283.50,198.45,90.64,107.81,3,526,0.15
113,driving,271.50,190.05,74.16,115.89,3,401,0.32
114,driving,294.00,205.80,136.75,69.05,4,608,0.84
115,charging,413.50,289.45,158.41,131.04,5,122,0.63
116,driving,387.00,270.90,173.26,97.64,5,227,0.78
117,driving,352.00,246.40,170.63,75.77,5,289,0.89
118,driving,371.00,259.70,157.42,102.28,5,59,0.61
119,driving,363.00,254.10,117.51,136.59,4,0,0.27
120,charging,442.50,309.75,187.82,121.93,5,106,0.76
121,moving_to_station,357.50,250.25,115.89,134.36,4,2,0.20
122,driving,311.00,217.70,122.14,95.56,4,37,0.53
123,driving,486.50,340.55,212.25,128.30,6,120,0.25
124,driving,398.50,278.95,135.50,143.45,5,24,0.36
125,charging,492.00,344.40,219.50,124.90,6,94,0.33
126,waiting,258.50,180.95,62.31,118.64,3,382,0.15
127,waiting,391.50,274.05,125.12,148.93,4,254,0.17
128,driving,401.00,280.70,170.00,110.70,5,332,0.49
129,driving,413.50,289.45,156.34,133.11,5,145,0.73
130,charging,276.50,193.55,102.40,91.15,3,259,0.42
131,driving,405.00,283.50,155.73,127.77,5,169,0.90
132,driving,464.50,325.15,193.50,131.65,6,187,0.98
133,driving,333.50,233.45,127.74,105.71,4,215,0.80
134,charging,352.50,246.75,159.81,86.94,4,246,0.51
135,waiting,331.00,231.70,122.50,109.20,4,525,0.11
136,driving,411.50,288.05,156.39,131.66,5,159,0.41
137,driving,522.00,365.40,230.75,134.65,6,73,0.28
138,driving,288.50,201.95,129.48,72.47,4,268,0.82
139,driving,344.50,241.15,120.35,120.80,4,13,0.58
140,driving,399.00,279.30,182.77,96.53,5,3,0.37
141,driving,319.00,223.30,142.05,81.25,4,387,0.69
142,charging,515.00,360.50,225.50,135.00,6,14,0.48
143,driving,484.50,339.15,206.50,132.65,6,113,0.79
144,driving,291.00,203.70,135.20,68.50,4,275,0.65
145,driving,323.00,226.10,119.89,106.21,4,378,0.85
146,driving,324.50,227.15,120.54,106.61,4,39,0.31
147,driving,313.50,219.45,135.12,84.33,4,253,0.62
148,driving,429.00,300.30,187.94,112.36,5,120,0.70
149,charging,496.00,347.20,225.75,121.45,6,68,0.84
150,charging,360.00,252.00,172.19,79.81,4,188,0.67
151,driving,331.00,231.70,89.91,141.79,4,195,0.53
152,driving,367.00,256.90,181.86,75.04,5,66,0.67
153,charging,375.50,262.85,168.00,94.85,4,404,0.76
154,driving,352.50,246.75,123.39,123.36,4,190,0.65
155,waiting,391.00,273.70,140.09,133.61,4,255,0.15
156,charging,411.00,287.70,150.91,136.79,5,155,0.26
157,driving,427.50,299.25,187.89,111.36,5,127,0.65
158,driving,422.50,295.75,197.50,98.25,6,14,0.93
159,driving,385.00,269.50,192.40,77.10,5,166,0.82
160,driving,301.00,210.70,126.59,84.11,4,261,0.81
161,charging,393.50,275.45,156.96,118.49,4,50,0.60
162,charging,397.00,277.90,134.10,143.80,4,144,0.36
163,charging,373.50,261.45,157.67,103.78,4,208,0.39
164,charging,362.50,253.75,158.32,95.43,4,413,0.45
165,driving,422.50,295.75,179.00,116.75,6,255,0.93
166,driving,535.00,374.50,215.75,158.75,6,20,0.24
167,driving,312.00,218.40,103.33,115.07,4,415,0.95
168,charging,394.00,275.80,163.54,112.26,4,313,0.47
169,waiting,381.00,266.70,158.75,107.95,4,420,0.16
170,driving,270.00,189.00,96.68,92.32,3,387,0.65
171,charging,412.00,288.40,209.54,78.86,5,95,0.64
172,driving,324.50,227.15,119.50,107.65,4,573,0.95
173,charging,437.00,305.90,177.27,128.63,5,165,0.39
174,driving,440.50,308.35,184.68,123.67,5,106,0.48
175,waiting,429.50,300.65,168.25,132.40,5,290,0.14
176,driving,519.50,363.65,246.25,117.40,6,41,0.47
177,charging,449.00,314.30,214.32,99.98,5,121,0.45
178,driving,392.50,274.75,128.00,146.75,5,387,0.97
179,driving,322.00,225.40,150.40,75.00,4,387,0.37
180,driving,469.50,328.65,246.88,81.77,6,0,0.57
181,waiting,275.50,192.85,88.44,104.41,3,369,0.17
182,driving,373.00,261.10,154.00,107.10,5,420,0.93
183,charging,390.00,273.00,155.63,117.37,4,386,0.39
184,driving,541.50,379.05,216.50,162.55,6,18,0.30
185,driving,353.50,247.45,122.89,124.56,5,93,0.79
186,driving,453.50,317.45,203.66,113.79,5,73,0.26
187,driving,372.00,260.40,142.42,117.98,5,18,0.59
188,driving,394.00,275.80,163.00,112.80,5,390,0.63
189,waiting,354.50,248.15,155.63,92.52,4,332,0.19
190,driving,359.50,251.65,133.75,117.90,5,445,0.98
191,driving,511.50,358.05,248.50,109.55,6,85,0.65
192,driving,454.50,318.15,174.49,143.66,6,0,0.90
193,charging,399.00,279.30,167.54,111.76,4,270,0.63
194,driving,393.50,275.45,169.74,105.71,5,212,0.81
195,driving,269.50,188.65,132.77,55.88,4,312,0.90
196,driving,318.00,222.60,119.17,103.43,4,75,0.42
197,waiting,514.50,360.15,218.25,141.90,6,45,0.16
198,driving,414.00,289.80,191.46,98.34,5,140,0.63
199,driving,411.50,288.05,135.86,152.19,5,0,0.21
200,waiting,342.50,239.75,147.85,91.90,4,375,0.17
201,driving,442.00,309.40,206.40,103.00,5,55,0.20
202,charging,445.50,311.85,171.05,140.80,5,198,0.37
203,driving,385.00,269.50,157.65,111.85,4,279,0.21
204,waiting,311.50,218.05,118.50,99.55,3,454,0.17
205,driving,238.50,166.95,77.47,89.48,3,431,0.51
206,driving,408.00,285.60,135.29,150.31,5,11,0.35
207,moving_to_station,444.00,310.80,200.51,110.29,5,54,0.12
208,charging,442.50,309.75,181.75,128.00,5,199,0.83
209,waiting,348.00,243.60,162.75,80.85,4,461,0.12
210,driving,389.00,272.30,174.97,97.33,5,7,0.77
211,driving,364.00,254.80,136.50,118.30,5,389,0.97
212,waiting,349.00,244.30,137.65,106.65,4,144,0.17
213,driving,326.50,228.55,137.75,90.80,4,166,0.46
214,driving,340.00,238.00,151.89,86.11,5,85,0.98
215,charging,298.00,208.60,100.45,108.15,3,477,0.83
216,charging,336.50,235.55,126.53,109.02,4,304,0.88
217,waiting,462.50,323.75,201.92,121.83,5,44,0.15
218,driving,354.50,248.15,149.39,98.76,5,279,0.95
219,driving,422.50,295.75,183.74,112.01,5,145,0.47
220,driving,303.00,212.10,125.56,86.54,4,435,0.89
221,driving,296.50,207.55,134.15,73.40,4,283,0.64
222,driving,298.00,208.60,131.45,77.15,4,298,0.65
223,driving,472.00,330.40,186.28,144.12,5,43,0.21
224,driving,314.50,220.15,138.87,81.28,4,193,0.64
225,driving,217.00,151.90,130.53,21.37,3,649,0.81
226,driving,300.50,210.35,115.97,94.38,3,454,0.27
227,charging,297.00,207.90,104.48,103.42,3,435,0.37
228,driving,259.50,181.65,110.29,71.36,3,591,0.51
229,driving,325.50,227.85,121.79,106.06,4,53,0.38
230,charging,206.00,144.20,71.75,72.45,2,841,0.84
231,driving,238.00,166.60,96.60,70.00,3,618,0.75
232,charging,421.00,294.70,163.27,131.43,5,28,0.55
233,charging,334.00,233.80,92.98,140.82,4,97,0.34
234,charging,414.50,290.15,181.26,108.89,5,27,0.52
235,driving,148.00,103.60,44.56,59.04,2,855,0.99
236,charging,463.50,324.45,187.25,137.20,5,222,0.33
237,charging,279.00,195.30,85.29,110.01,3,647,0.35
238,driving,456.00,319.20,177.14,142.06,5,76,0.32
239,charging,141.50,99.05,34.25,64.80,1,857,0.22
240,driving,292.50,204.75,138.91,65.84,4,453,0.62
241,driving,341.00,238.70,140.35,98.35,4,187,0.68
242,driving,340.00,238.00,120.16,117.84,4,4,0.24
243,charging,227.50,159.25,69.25,90.00,2,828,0.84
244,charging,435.50,304.85,210.25,94.60,5,245,0.33
245,charging,387.50,271.25,119.00,152.25,4,440,0.20
246,waiting,282.50,197.75,108.95,88.80,3,558,0.17
247,driving,320.00,224.00,134.52,89.48,4,225,0.65
248,charging,357.00,249.90,140.33,109.57,4,78,0.45
249,driving,333.50,233.45,103.05,130.40,4,387,0.60
250,driving,380.00,266.00,136.25,129.75,5,374,0.94
251,waiting,306.00,214.20,109.00,105.20,3,628,0.13
252,waiting,313.00,219.10,111.00,108.10,3,614,0.12
253,waiting,272.00,190.40,110.00,80.40,3,707,0.14
254,charging,412.50,288.75,156.31,132.44,5,83,0.46
255,driving,411.00,287.70,149.61,138.09,5,0,0.80
256,moving_to_station,338.00,236.60,91.35,145.25,4,38,0.16
257,charging,358.00,250.60,123.07,127.53,4,424,0.23
258,waiting,346.50,242.55,136.82,105.73,4,159,0.18
259,driving,356.00,249.20,122.39,126.81,4,175,0.39
260,driving,384.50,269.15,182.31,86.84,5,47,0.63
261,charging,474.00,331.80,205.50,126.30,5,199,0.17
262,charging,282.50,197.75,118.25,79.50,3,651,0.68
263,driving,434.00,303.80,206.00,97.80,5,268,0.37
264,charging,251.50,176.05,81.04,95.01,3,583,0.57
265,waiting,290.00,203.00,112.07,90.93,3,494,0.17
266,charging,300.00,210.00,107.48,102.52,3,643,0.26
267,charging,292.50,204.75,108.49,96.26,3,483,0.39
268,driving,345.50,241.85,125.02,116.83,4,181,0.70
269,driving,448.50,313.95,202.83,111.12,6,23,0.69
270,driving,327.50,229.25,121.43,107.82,4,0,0.31
271,waiting,446.50,312.55,202.00,110.55,5,251,0.16
272,waiting,414.00,289.80,162.75,127.05,5,334,0.12
273,charging,410.50,287.35,182.42,104.93,5,196,0.73
274,moving_to_station,448.00,313.60,159.97,153.63,5,92,0.19
275,charging,434.50,304.15,170.50,133.65,5,275,0.40
276,charging,426.00,298.20,198.53,99.67,5,118,0.21
277,charging,342.50,239.75,140.72,99.03,4,98,0.36
278,waiting,394.50,276.15,109.78,166.37,4,269,0.15
279,charging,374.50,262.15,206.97,55.18,4,314,0.54
280,charging,422.50,295.75,171.82,123.93,5,140,0.21
281,waiting,199.50,139.65,44.43,95.22,2,734,0.13
282,charging,365.50,255.85,148.62,107.23,4,195,0.60
283,driving,440.50,308.35,223.25,85.10,5,243,0.42
284,driving,219.00,153.30,70.69,82.61,3,330,0.65
285,charging,283.50,198.45,75.79,122.66,3,131,0.24
286,waiting,224.50,157.15,44.53,112.62,2,687,0.16
287,waiting,441.00,308.70,172.75,135.95,5,231,0.13
288,waiting,261.00,182.70,55.03,127.67,3,579,0.15
289,waiting,476.50,333.55,179.35,154.20,5,55,0.18
290,charging,295.50,206.85,93.16,113.69,3,307,0.22
291,charging,341.00,238.70,153.82,84.88,4,7,0.66
292,driving,306.00,214.20,125.18,89.02,4,242,0.46
293,driving,350.50,245.35,147.85,97.50,4,160,0.47
294,driving,536.50,375.55,221.25,154.30,6,0,0.29
295,charging,347.00,242.90,142.66,100.24,4,81,0.57
296,waiting,381.00,266.70,140.00,126.70,4,414,0.13
297,waiting,278.00,194.60,95.51,99.09,3,506,0.10
298,waiting,351.00,245.70,149.96,95.74,4,343,0.18
299,driving,361.00,252.70,190.12,62.58,5,245,0.75
300,charging,263.00,184.10,94.88,89.22,3,354,0.40
301,charging,392.50,274.75,124.50,150.25,4,408,0.69
302,waiting,268.50,187.95,87.52,100.43,3,387,0.15
303,charging,349.00,244.30,155.81,88.49,4,331,0.45
304,charging,449.00,314.30,207.25,107.05,5,242,0.41
305,driving,453.00,317.10,184.30,132.80,5,20,0.43
306,driving,333.00,233.10,180.00,53.10,4,545,0.78
307,driving,281.00,196.70,85.62,111.08,3,151,0.45
308,waiting,349.00,244.30,122.25,122.05,4,495,0.17
309,driving,375.50,262.85,178.22,84.63,5,81,0.73
310,driving,470.00,329.00,186.54,142.46,5,35,0.29
311,driving,408.50,285.95,183.18,102.77,5,0,0.41
312,driving,336.00,235.20,142.54,92.66,4,161,0.22
313,driving,464.50,325.15,227.75,97.40,6,183,0.84
314,charging,264.50,185.15,89.39,95.76,3,331,0.38
315,waiting,393.50,275.45,163.00,112.45,4,383,0.13
316,charging,452.50,316.75,213.00,103.75,5,202,0.29
317,waiting,314.50,220.15,97.98,122.17,3,288,0.17
318,waiting,366.50,256.55,157.30,99.25,4,321,0.14
319,waiting,382.00,267.40,121.25,146.15,4,416,0.15
320,driving,333.00,233.10,119.58,113.52,4,21,0.34
321,driving,334.00,233.80,120.88,112.92,4,46,0.41
322,waiting,450.00,315.00,176.00,139.00,5,245,0.11
323,driving,351.00,245.70,122.53,123.17,4,357,0.65
324,waiting,412.50,288.75,168.48,120.27,5,175,0.16
325,driving,409.50,286.65,149.83,136.82,5,178,0.24
326,driving,343.00,240.10,143.68,96.42,4,135,0.30
327,waiting,255.50,178.85,77.41,101.44,3,387,0.13
328,charging,378.50,264.95,145.47,119.48,4,11,0.55
329,driving,424.00,296.80,210.03,86.77,5,146,0.63
330,driving,417.00,291.90,180.57,111.33,5,0,0.32
331,driving,298.50,208.95,93.73,115.22,4,294,0.58
332,charging,317.00,221.90,140.47,81.43,3,409,0.74
333,waiting,288.00,201.60,146.00,55.60,3,674,0.16
334,driving,379.50,265.65,138.53,127.12,4,276,0.27
335,charging,469.50,328.65,201.97,126.68,5,95,0.41
336,driving,395.00,276.50,190.05,86.45,5,0,0.50
337,driving,281.00,196.70,141.33,55.37,4,250,0.72
338,driving,469.50,328.65,244.03,84.62,6,8,0.53
339,driving,306.00,214.20,121.50,92.70,4,598,0.46
340,waiting,395.00,276.50,140.03,136.47,4,252,0.16
341,driving,255.50,178.85,102.62,76.23,3,567,0.48
342,charging,192.50,134.75,42.42,92.33,2,518,0.38
343,waiting,212.00,148.40,83.53,64.87,2,710,0.15
344,waiting,495.50,346.85,214.25,132.60,6,106,0.19
345,charging,301.00,210.70,118.12,92.58,3,461,0.46
346,waiting,368.00,257.60,194.00,63.60,4,461,0.17
347,charging,294.00,205.80,150.75,55.05,3,642,0.46
348,waiting,346.50,242.55,123.68,118.87,4,349,0.11
349,driving,381.50,267.05,171.85,95.20,5,208,0.50
350,driving,392.00,274.40,159.25,115.15,4,412,0.24
351,driving,476.00,333.20,214.00,119.20,6,144,0.59
352,driving,313.50,219.45,137.55,81.90,4,225,0.70
353,driving,347.00,242.90,153.25,89.65,4,517,0.72
354,waiting,199.50,139.65,96.00,43.65,2,903,0.09
355,charging,258.00,180.60,95.48,85.12,3,310,0.53
356,driving,298.00,208.60,119.51,89.09,4,284,0.73
357,waiting,331.50,232.05,125.85,106.20,4,368,0.17
358,driving,341.50,239.05,156.00,83.05,4,529,0.35
359,driving,375.00,262.50,159.25,103.25,4,448,0.41
360,driving,393.00,275.10,194.08,81.02,5,155,0.66
361,charging,523.00,366.10,225.25,140.85,6,11,0.93
362,driving,271.50,190.05,90.03,100.02,3,560,0.68
363,driving,241.50,169.05,107.84,61.21,3,611,0.74
364,charging,346.50,242.55,138.59,103.96,4,137,0.32
365,driving,335.00,234.50,124.04,110.46,4,0,0.28
366,charging,334.50,234.15,119.50,114.65,4,544,0.22
367,driving,251.50,176.05,78.07,97.98,3,430,0.83
368,driving,258.50,180.95,108.00,72.95,3,754,0.39
369,driving,298.50,208.95,131.49,77.46,4,281,0.62
370,driving,198.50,138.95,80.67,58.28,3,693,0.87
371,charging,211.00,147.70,47.64,100.06,2,658,0.43
372,driving,414.50,290.15,179.23,110.92,5,20,0.34
373,driving,323.00,226.10,87.01,139.09,4,239,0.94
374,driving,300.50,210.35,125.82,84.53,4,432,0.95
375,driving,248.00,173.60,81.99,91.61,3,239,0.51
376,charging,301.00,210.70,151.25,59.45,3,631,0.52
377,moving_to_station,345.50,241.85,137.87,103.98,4,162,0.18
378,driving,352.00,246.40,127.04,119.36,4,157,0.58
379,driving,328.00,229.60,138.24,91.36,4,398,0.63
380,waiting,457.50,320.25,201.25,119.00,5,234,0.12
381,driving,309.50,216.65,126.39,90.26,3,490,0.22
382,driving,232.00,162.40,60.84,101.56,3,462,0.98
383,charging,389.00,272.30,148.50,123.80,4,382,0.65
384,charging,373.50,261.45,154.93,106.52,4,209,0.36
385,driving,406.50,284.55,162.30,122.25,5,182,0.85
386,driving,267.00,186.90,74.56,112.34,3,404,0.61
387,waiting,222.50,155.75,78.68,77.07,2,716,0.18
388,driving,369.00,258.30,124.56,133.74,4,106,0.39
389,charging,270.50,189.35,131.67,57.68,3,617,0.55
390,driving,348.50,243.95,123.76,120.19,4,164,0.46
391,waiting,368.00,257.60,101.74,155.86,4,317,0.15
392,driving,311.50,218.05,169.00,49.05,4,546,0.92
393,waiting,434.00,303.80,165.00,138.80,5,280,0.12
394,driving,386.00,270.20,186.96,83.24,5,0,0.51
395,charging,335.00,234.50,117.98,116.52,4,138,0.52
396,driving,380.00,266.00,134.19,131.81,5,75,0.55
397,driving,393.50,275.45,153.46,121.99,5,160,0.80
398,driving,534.00,373.80,245.25,128.55,6,31,0.44
399,driving,378.00,264.60,137.56,127.04,5,38,0.61
400,charging,252.00,176.40,85.44,90.96,3,671,0.43
401,driving,337.50,236.25,177.56,58.69,4,355,0.66
402,driving,318.00,222.60,125.08,97.52,4,34,0.51
403,driving,439.50,307.65,168.75,138.90,5,278,0.22
404,driving,431.50,302.05,205.75,96.30,5,291,0.47
405,driving,294.50,206.15,128.56,77.59,3,505,0.23
406,driving,373.50,261.45,147.07,114.38,4,125,0.43
407,driving,555.50,388.85,221.25,167.60,6,4,0.21
408,waiting,358.00,250.60,90.23,160.37,4,121,0.17
409,charging,279.00,195.30,108.99,86.31,3,506,0.34
410,waiting,265.00,185.50,88.16,97.34,3,402,0.19
411,driving,385.00,269.50,186.75,82.75,5,7,0.71
412,driving,413.50,289.45,181.25,108.20,5,334,0.84
413,charging,304.50,213.15,93.60,119.55,3,476,0.32
414,driving,418.00,292.60,179.65,112.95,5,157,0.65
415,driving,502.00,351.40,231.50,119.90,7,30,0.90
416,driving,418.00,292.60,183.43,109.17,5,148,0.68
417,driving,274.50,192.15,116.80,75.35,4,110,0.84
418,charging,264.50,185.15,110.46,74.69,3,488,0.24
419,driving,363.00,254.10,191.00,63.10,4,492,0.28
420,charging,192.00,134.40,64.04,70.36,2,861,0.40
421,waiting,255.50,178.85,60.83,118.02,3,400,0.16
422,driving,525.00,367.50,214.00,153.50,6,55,0.27
423,charging,390.50,273.35,142.50,130.85,4,426,0.23
424,waiting,284.00,198.80,126.03,72.77,3,513,0.15
425,driving,289.50,202.65,130.68,71.97,3,511,0.50
426,driving,437.50,306.25,172.00,134.25,5,252,0.36
427,waiting,331.00,231.70,113.76,117.94,4,188,0.16
428,driving,448.00,313.60,199.59,114.01,6,36,0.68
429,waiting,336.00,235.20,151.29,83.91,4,356,0.19
430,waiting,210.00,147.00,97.00,50.00,2,887,0.13
431,driving,393.00,275.10,184.27,90.83,5,18,0.51
432,driving,393.00,275.10,183.07,92.03,5,194,0.82
433,waiting,236.00,165.20,81.51,83.69,2,678,0.14
434,moving_to_station,460.00,322.00,180.15,141.85,5,61,0.17
435,waiting,466.50,326.55,212.25,114.30,5,172,0.15
436,charging,416.00,291.20,166.85,124.35,5,6,0.67
437,waiting,307.50,215.25,108.00,107.25,3,644,0.16
438,waiting,287.00,200.90,73.50,127.40,3,672,0.15
439,driving,198.00,138.60,75.90,62.70,3,513,0.76
440,charging,231.50,162.05,86.92,75.13,2,583,0.53
441,waiting,274.00,191.80,55.62,136.18,3,549,0.17
442,waiting,216.50,151.55,44.31,107.24,2,716,0.18
443,charging,300.50,210.35,112.97,97.38,3,595,0.33
444,waiting,318.50,222.95,87.95,135.00,3,465,0.18
445,moving_to_station,298.00,208.60,148.00,60.60,3,654,0.19
446,driving,437.00,305.90,170.91,134.99,6,0,0.91
447,waiting,301.00,210.70,109.75,100.95,3,653,0.15
448,driving,218.50,152.95,94.40,58.55,3,647,0.76
449,charging,413.00,289.10,177.00,112.10,5,296,0.80
450,charging,361.00,252.70,120.76,131.94,4,421,0.26
451,waiting,391.50,274.05,122.99,151.06,4,260,0.18
452,driving,327.00,228.90,121.36,107.54,4,61,0.42
453,driving,277.50,194.25,138.73,55.52,4,465,0.87
454,waiting,461.50,323.05,165.75,157.30,5,236,0.16
455,driving,367.50,257.25,125.65,131.60,4,130,0.46
456,driving,385.00,269.50,151.75,117.75,4,462,0.33
457,waiting,204.50,143.15,57.74,85.41,2,737,0.15
458,charging,281.50,197.05,123.69,73.36,3,535,0.66
459,charging,372.00,260.40,134.90,125.50,4,317,0.70
460,waiting,238.00,166.60,60.00,106.60,2,832,0.17
461,waiting,353.00,247.10,153.54,93.56,4,293,0.15
462,driving,238.00,166.60,109.75,56.85,3,791,1.00
463,waiting,255.50,178.85,103.75,75.10,3,769,0.14
464,waiting,354.00,247.80,136.53,111.27,4,168,0.19
465,charging,267.50,187.25,114.00,73.25,3,709,0.53
466,charging,422.00,295.40,206.55,88.85,5,24,0.46
467,driving,426.50,298.55,149.59,148.96,5,145,0.55
468,waiting,389.50,272.65,153.81,118.84,4,251,0.13
469,waiting,311.00,217.70,91.09,126.61,3,466,0.16
470,waiting,349.00,244.30,153.32,90.98,4,319,0.17
471,driving,376.00,263.20,106.26,156.94,4,126,0.40
472,driving,340.50,238.35,139.21,99.14,4,352,0.41
473,charging,366.00,256.20,152.80,103.40,4,280,0.24
474,driving,443.00,310.10,202.50,107.60,5,259,0.56
475,waiting,157.00,109.90,54.00,55.90,1,1025,0.10
476,driving,400.00,280.00,132.44,147.56,5,41,0.62
477,waiting,217.00,151.90,57.75,94.15,2,895,0.15
478,waiting,352.00,246.40,104.96,141.44,4,335,0.18
479,waiting,137.50,96.25,47.00,49.25,1,1104,0.15
480,driving,214.50,150.15,99.00,51.15,2,883,0.23
481,driving,522.00,365.40,249.75,115.65,7,0,0.80
482,waiting,316.50,221.55,74.14,147.41,3,304,0.15
483,driving,369.00,258.30,155.75,102.55,4,479,0.24
484,driving,391.50,274.05,156.63,117.42,5,27,0.41
485,driving,352.50,246.75,118.43,128.32,4,7,0.45
486,driving,318.50,222.95,148.74,74.21,4,429,0.59
487,waiting,456.50,319.55,184.00,135.55,5,234,0.18
488,waiting,158.50,110.95,49.00,61.95,1,1050,0.15
489,waiting,385.00,269.50,122.25,147.25,4,422,0.17
490,driving,269.50,188.65,94.30,94.35,3,408,0.62
491,driving,451.50,316.05,165.75,150.30,5,266,0.25
492,charging,386.00,270.20,111.48,158.72,4,159,0.52
493,waiting,258.50,180.95,87.07,93.88,3,381,0.11
494,driving,313.00,219.10,135.10,84.00,4,226,0.60
495,driving,252.00,176.40,74.85,101.55,3,429,0.67
496,waiting,347.00,242.90,148.63,94.27,4,373,0.17
497,charging,255.50,178.85,60.83,118.02,3,489,0.39
498,charging,373.50,261.45,144.33,117.12,4,391,0.40
499,driving,280.50,196.35,92.02,104.33,3,526,0.50
500,waiting,332.00,232.40,117.75,114.65,4,554,0.15
501,charging,358.00,250.60,110.35,140.25,4,232,0.54
502,charging,533.00,373.10,224.25,148.85,6,0,0.88
503,moving_to_station,540.50,378.35,217.50,160.85,6,0,0.17
504,waiting,184.00,128.80,60.36,68.44,2,743,0.16
505,waiting,393.00,275.10,142.00,133.10,4,418,0.18
506,driving,384.00,268.80,154.01,114.79,5,50,0.50
507,waiting,257.50,180.25,72.25,108.00,3,752,0.15
508,waiting,190.00,133.00,63.00,70.00,2,924,0.16
509,waiting,208.00,145.60,60.75,84.85,2,904,0.16
510,driving,396.00,277.20,164.41,112.79,5,202,0.84
511,waiting,259.00,181.30,106.99,74.31,3,559,0.15
512,waiting,183.00,128.10,54.96,73.14,2,786,0.15
513,driving,460.50,322.35,197.09,125.26,6,24,0.57
514,waiting,317.50,222.25,96.55,125.70,3,259,0.13
515,driving,326.50,228.55,119.24,109.31,4,63,0.62
516,driving,330.00,231.00,121.54,109.46,4,172,0.87
517,waiting,232.00,162.40,62.75,99.65,2,849,0.17
518,charging,373.00,261.10,169.75,91.35,4,263,0.93
519,driving,407.00,284.90,161.70,123.20,5,179,0.86
520,waiting,225.00,157.50,63.21,94.29,2,536,0.17
521,waiting,280.00,196.00,87.22,108.78,3,354,0.17
522,waiting,214.00,149.80,69.86,79.94,2,707,0.17
523,driving,445.50,311.85,192.97,118.88,6,28,0.76
524,waiting,265.50,185.85,90.34,95.51,3,370,0.17
525,waiting,375.00,262.50,151.25,111.25,4,276,0.17
526,waiting,266.50,186.55,75.55,111.00,3,397,0.19
527,charging,525.00,367.50,222.50,145.00,6,25,0.65
528,driving,185.00,129.50,64.09,65.41,2,613,0.54
529,charging,540.50,378.35,212.75,165.60,6,26,0.16
530,driving,389.50,272.65,198.40,74.25,5,194,0.49
531,driving,377.50,264.25,150.06,114.19,5,45,0.93
532,driving,274.00,191.80,121.28,70.52,4,502,0.82
533,driving,211.00,147.70,76.28,71.42,3,648,0.82
534,driving,296.00,207.20,155.40,51.80,4,420,0.59
535,driving,358.50,250.95,145.57,105.38,4,135,0.48
536,waiting,312.00,218.40,74.69,143.71,3,302,0.14
537,moving_to_station,353.00,247.10,119.83,127.27,4,0,0.16
538,driving,378.50,264.95,144.37,120.58,4,115,0.41
539,driving,354.00,247.80,133.01,114.79,4,178,0.47
540,driving,466.50,326.55,233.50,93.05,6,148,0.83
541,driving,190.00,133.00,97.00,36.00,2,942,0.48
542,driving,374.50,262.15,185.36,76.79,5,45,0.62
543,waiting,434.50,304.15,165.00,139.15,5,292,0.16
544,driving,275.00,192.50,82.68,109.82,3,202,0.60
545,driving,416.00,291.20,151.93,139.27,5,9,0.25
546,driving,256.00,179.20,106.25,72.95,3,764,0.52
547,waiting,294.00,205.80,102.25,103.55,3,657,0.09
548,waiting,499.00,349.30,215.50,133.80,6,89,0.17
549,waiting,380.00,266.00,140.59,125.41,4,271,0.17
550,waiting,268.50,187.95,78.21,109.74,3,353,0.17
551,charging,316.00,221.20,113.06,108.14,3,131,0.73
552,waiting,358.00,250.60,125.25,125.35,4,466,0.15
553,driving,329.50,230.65,122.13,108.52,4,21,0.57
554,waiting,159.50,111.65,47.00,64.65,1,1058,0.15
555,waiting,155.50,108.85,52.00,56.85,1,1038,0.12
556,driving,376.00,263.20,152.84,110.36,5,0,0.81
557,waiting,226.50,158.55,67.05,91.50,2,667,0.13
558,waiting,176.00,123.20,59.14,64.06,2,781,0.19
559,driving,331.00,231.70,89.81,141.89,4,183,0.68
560,charging,535.00,374.50,214.00,160.50,6,19,0.11
561,driving,256.50,179.55,109.32,70.23,3,559,0.74
562,charging,372.50,260.75,125.06,135.69,4,369,0.42
563,driving,406.00,284.20,186.87,97.33,5,180,0.59
564,waiting,276.00,193.20,90.72,102.48,3,547,0.17
565,charging,259.50,181.65,87.41,94.24,3,81,0.74
566,waiting,398.00,278.60,155.25,123.35,4,402,0.12
567,driving,413.50,289.45,184.65,104.80,5,167,0.52
568,charging,295.00,206.50,83.42,123.08,3,12,0.54
569,waiting,296.00,207.20,55.26,151.94,3,498,0.13
570,driving,202.50,141.75,63.51,78.24,2,585,0.42
571,driving,285.00,199.50,91.70,107.80,3,525,0.55
572,driving,208.00,145.60,42.80,102.80,2,753,0.51
573,driving,424.00,296.80,199.77,97.03,6,45,0.94
574,charging,298.50,208.95,85.40,123.55,3,0,0.56
575,charging,400.00,280.00,149.15,130.85,4,94,0.51
576,waiting,191.50,134.05,58.96,75.09,2,750,0.15
577,charging,280.00,196.00,74.83,121.17,3,635,0.40
578,driving,372.50,260.75,151.70,109.05,5,89,0.89
579,charging,359.00,251.30,162.25,89.05,4,461,0.84
580,driving,310.50,217.35,122.75,94.60,4,582,0.93
581,charging,284.00,198.80,115.27,83.53,3,590,0.51
582,waiting,463.50,324.45,169.25,155.20,5,214,0.17
583,driving,356.00,249.20,168.00,81.20,5,275,0.89
584,driving,474.50,332.15,189.24,142.91,5,20,0.24
585,charging,284.50,199.15,88.07,111.08,3,0,0.71
586,driving,400.50,280.35,158.17,122.18,5,126,0.61
587,charging,364.50,255.15,126.55,128.60,4,189,0.57
588,driving,273.00,191.10,92.11,98.99,3,553,0.49
589,driving,280.00,196.00,84.50,111.50,4,657,0.98
590,waiting,232.50,162.75,59.75,103.00,2,865,0.19
591,driving,383.50,268.45,183.13,85.32,5,34,0.69
592,charging,428.00,299.60,183.24,116.36,5,77,0.54
593,charging,313.50,219.45,105.18,114.27,3,396,0.92
594,waiting,456.50,319.55,165.75,153.80,5,233,0.15
595,waiting,293.00,205.10,108.00,97.10,3,680,0.19
596,waiting,261.00,182.70,107.69,75.01,3,523,0.15
597,driving,465.50,325.85,212.35,113.50,6,1,0.92
598,driving,386.50,270.55,157.78,112.77,5,7,0.94
599,driving,380.00,266.00,193.16,72.84,5,0,0.51
600,waiting,275.00,192.50,90.15,102.35,3,349,0.12
601,driving,455.50,318.85,166.22,152.63,5,37,0.29
602,driving,310.50,217.35,118.24,99.11,4,90,0.52
603,driving,355.50,248.85,107.36,141.49,4,159,0.48
604,charging,496.00,347.20,224.20,123.00,6,0,0.46
605,waiting,304.00,212.80,115.91,96.89,3,469,0.18
606,driving,299.50,209.65,135.39,74.26,4,296,0.65
607,driving,272.00,190.40,89.24,101.16,3,571,0.52
608,waiting,333.00,233.10,104.09,129.01,4,347,0.10
609,driving,207.50,145.25,55.55,89.70,3,642,0.83
610,charging,451.00,315.70,195.36,120.34,5,0,0.91
611,waiting,296.00,207.20,87.34,119.86,3,325,0.13
612,waiting,315.00,220.50,94.63,125.87,3,430,0.12
613,driving,336.00,235.20,126.49,108.71,4,181,0.44
614,driving,470.00,329.00,201.75,127.25,5,231,0.26
615,driving,392.50,274.75,197.85,76.90,5,215,0.51
616,waiting,430.50,301.35,201.03,100.32,5,102,0.13
617,waiting,389.50,272.65,125.75,146.90,4,416,0.17
618,driving,376.50,263.55,157.89,105.66,4,266,0.26
619,driving,342.50,239.75,152.25,87.50,4,345,0.58
620,driving,322.50,225.75,120.77,104.98,4,50,0.40
621,charging,476.00,333.20,178.44,154.76,5,122,0.45
622,waiting,259.50,181.65,101.81,79.84,3,589,0.16
623,driving,304.00,212.80,118.89,93.91,4,122,0.61
624,charging,461.50,323.05,211.16,111.89,5,54,0.88
625,waiting,366.00,256.20,138.68,117.52,4,309,0.16
626,charging,378.50,264.95,147.19,117.76,4,156,0.48
627,waiting,463.50,324.45,205.75,118.70,5,217,0.15
628,waiting,491.00,343.70,216.25,127.45,6,88,0.13
629,waiting,479.50,335.65,200.75,134.90,5,196,0.12
630,driving,490.50,343.35,210.50,132.85,6,100,0.76
631,driving,349.00,244.30,142.15,102.15,4,336,0.52
632,waiting,275.00,192.50,97.79,94.71,3,494,0.13
633,charging,410.50,287.35,168.76,118.59,5,0,0.79
634,driving,341.50,239.05,143.22,95.83,4,341,0.61
635,driving,314.00,219.80,107.07,112.73,4,266,0.62
636,charging,351.50,246.05,151.95,94.10,4,0,0.72
637,waiting,436.00,305.20,200.50,104.70,5,258,0.16
638,waiting,392.50,274.75,138.72,136.03,4,259,0.16
639,driving,244.50,171.15,77.71,93.44,3,419,0.54
640,waiting,293.50,205.45,71.25,134.20,3,680,0.20
641,driving,515.50,360.85,238.50,122.35,7,47,0.81
642,waiting,375.00,262.50,113.91,148.59,4,297,0.15
643,charging,529.50,370.65,223.00,147.65,6,4,0.84
644,charging,297.50,208.25,144.88,63.37,3,354,0.69
645,charging,308.00,215.60,93.37,122.23,3,429,0.24
646,waiting,254.50,178.15,105.87,72.28,3,540,0.18
647,driving,440.00,308.00,188.90,119.10,5,111,0.40
648,charging,201.00,140.70,54.47,86.23,2,637,0.62
649,charging,200.50,140.35,51.70,88.65,2,642,0.50
650,driving,340.00,238.00,125.15,112.85,4,166,0.52
651,waiting,235.50,164.85,98.00,66.85,2,841,0.18
652,driving,354.50,248.15,117.41,130.74,4,20,0.40
653,driving,440.00,308.00,179.50,128.50,6,202,0.99
654,driving,317.50,222.25,100.74,121.51,4,430,0.73
655,driving,493.50,345.45,218.00,127.45,6,86,0.42
656,waiting,492.00,344.40,218.75,125.65,6,90,0.18
657,waiting,206.50,144.55,62.00,82.55,2,899,0.17
658,charging,428.50,299.95,204.10,95.85,5,43,0.51
659,driving,540.50,378.35,222.50,155.85,6,11,0.28
660,driving,397.50,278.25,182.34,95.91,5,22,0.65
661,driving,300.50,210.35,119.39,90.96,4,90,0.55
662,moving_to_station,201.00,140.70,67.77,72.93,2,741,0.16
663,driving,414.00,289.80,198.10,91.70,5,160,0.27
664,moving_to_station,223.00,156.10,70.71,85.39,2,663,0.16
665,charging,335.00,234.50,95.05,139.45,4,99,0.52
666,charging,348.50,243.95,135.89,108.06,4,174,0.20
667,driving,306.50,214.55,117.11,97.44,4,126,0.61
668,waiting,361.50,253.05,154.75,98.30,4,490,0.17
669,charging,444.50,311.15,214.19,96.96,5,149,0.43
670,charging,233.50,163.45,51.28,112.17,2,586,0.54
671,charging,359.00,251.30,110.98,140.32,4,222,0.51
672,charging,412.00,288.40,176.90,111.50,5,99,0.48
673,waiting,289.50,202.65,89.84,112.81,3,523,0.18
674,driving,308.00,215.60,121.04,94.56,4,258,0.71
675,charging,399.00,279.30,124.98,154.32,4,69,0.23
676,driving,390.50,273.35,185.45,87.90,5,33,0.53
677,driving,384.00,268.80,141.54,127.26,4,254,0.34
678,waiting,338.00,236.60,155.14,81.46,4,334,0.14
679,driving,319.50,223.65,127.17,96.48,4,0,0.48
680,driving,206.50,144.55,61.25,83.30,2,904,0.20
681,charging,461.00,322.70,152.21,170.49,5,37,0.41
682,waiting,288.50,201.95,87.77,114.18,3,316,0.12
683,driving,237.50,166.25,91.26,74.99,3,629,0.66
684,charging,389.50,272.65,158.04,114.61,4,101,0.74
685,driving,493.50,345.45,218.00,127.45,6,105,0.45
686,driving,414.50,290.15,161.78,128.37,6,116,1.00
687,waiting,442.50,309.75,164.50,145.25,5,288,0.16
688,driving,385.50,269.85,181.64,88.21,5,50,0.59
689,driving,474.50,332.15,197.09,135.06,6,0,0.59
690,waiting,264.50,185.15,105.10,80.05,3,550,0.15
691,charging,391.00,273.70,159.38,114.32,4,210,0.38
692,driving,402.00,281.40,170.03,111.37,5,171,0.97
693,charging,335.00,234.50,152.93,81.57,4,345,0.41
694,driving,406.00,284.20,185.78,98.42,5,0,0.62
695,waiting,376.00,263.20,104.38,158.82,4,269,0.14
696,driving,370.00,259.00,143.15,115.85,4,145,0.34
697,driving,200.00,140.00,60.25,79.75,2,920,0.27
698,driving,471.50,330.05,183.74,146.31,6,0,0.79
699,driving,428.00,299.60,167.50,132.10,5,292,0.30
700,driving,394.50,276.15,156.15,120.00,5,31,0.47
701,driving,307.00,214.90,119.07,95.83,4,97,0.65
702,charging,429.50,300.65,213.00,87.65,5,228,0.77
703,driving,320.00,224.00,138.10,85.90,4,201,0.44
704,driving,534.50,374.15,220.50,153.65,6,3,0.21
705,moving_to_station,533.50,373.45,212.00,161.45,6,39,0.14
706,waiting,466.50,326.55,181.29,145.26,5,47,0.17
707,charging,519.50,363.65,222.00,141.65,6,10,0.28
708,driving,335.00,234.50,120.33,114.17,4,26,0.59
709,waiting,360.00,252.00,84.97,167.03,4,176,0.17
710,waiting,209.50,146.65,55.32,91.33,2,706,0.10
711,waiting,392.50,274.75,138.84,135.91,4,256,0.19
712,moving_to_station,423.50,296.45,204.43,92.02,5,98,0.19
713,driving,354.00,247.80,114.05,133.75,4,336,0.34
714,driving,232.50,162.75,99.07,63.68,3,450,0.70
715,driving,315.00,220.50,108.37,112.13,4,255,0.60
716,waiting,353.50,247.45,153.00,94.45,4,502,0.12
717,moving_to_station,388.00,271.60,156.75,114.85,4,416,0.16
718,driving,312.00,218.40,119.49,98.91,4,58,0.48
719,charging,222.50,155.75,70.15,85.60,2,769,0.56
720,driving,254.50,178.15,72.75,105.40,3,758,0.40
721,driving,445.50,311.85,185.40,126.45,5,93,0.53
722,driving,195.50,136.85,70.98,65.87,2,732,0.42
723,driving,464.00,324.80,196.95,127.85,6,19,0.51
724,charging,266.00,186.20,109.47,76.73,3,476,0.50
725,driving,347.50,243.25,165.31,77.94,4,322,0.48
726,driving,330.00,231.00,135.19,95.81,4,213,0.41
727,driving,161.00,112.70,75.75,36.95,2,989,0.50
728,moving_to_station,471.00,329.70,205.00,124.70,5,205,0.18
729,driving,262.00,183.40,114.75,68.65,3,708,0.55
730,driving,410.50,287.35,192.66,94.69,5,124,0.66
731,driving,404.00,282.80,204.00,78.80,5,353,0.57
732,driving,366.00,256.20,117.96,138.24,4,0,0.22
733,driving,321.50,225.05,122.30,102.75,4,408,0.36
734,charging,302.00,211.40,126.08,85.32,3,486,0.60
735,driving,193.00,135.10,58.00,77.10,2,949,0.57
736,moving_to_station,463.00,324.10,156.22,167.88,5,70,0.17
737,driving,191.00,133.70,73.50,60.20,2,917,0.66
738,waiting,308.50,215.95,143.50,72.45,3,638,0.16
739,waiting,418.00,292.60,148.24,144.36,5,169,0.13
740,driving,371.50,260.05,149.55,110.50,5,264,0.65
741,driving,430.00,301.00,165.50,135.50,5,301,0.33
742,moving_to_station,511.00,357.70,220.50,137.20,6,54,0.19
743,driving,444.00,310.80,203.97,106.83,6,22,0.69
744,driving,251.50,176.05,107.00,69.05,3,759,0.65
745,driving,321.50,225.05,134.83,90.22,4,238,0.41
746,charging,466.00,326.20,160.45,165.75,5,27,0.13
747,driving,359.00,251.30,151.75,99.55,4,501,0.61
748,driving,205.00,143.50,92.25,51.25,3,848,0.69
749,driving,383.00,268.10,159.64,108.46,5,33,0.55
750,driving,384.50,269.15,155.35,113.80,5,16,0.92
751,driving,412.50,288.75,190.64,98.11,5,137,0.58
752,driving,350.50,245.35,120.61,124.74,4,0,0.22
753,waiting,372.50,260.75,116.50,144.25,4,483,0.15
754,driving,435.00,304.50,187.10,117.40,5,111,0.37
755,waiting,299.50,209.65,70.75,138.90,3,675,0.18
756,waiting,337.50,236.25,137.23,99.02,4,171,0.18
757,waiting,456.00,319.20,200.07,119.13,5,51,0.13
758,driving,247.00,172.90,101.00,71.90,3,769,0.75
759,driving,470.00,329.00,199.90,129.10,6,7,0.45
760,driving,144.50,101.15,85.50,15.65,2,1026,0.79
761,waiting,269.50,188.65,106.03,82.62,3,546,0.19
762,charging,524.00,366.80,222.00,144.80,6,15,0.48
763,waiting,350.00,245.00,122.75,122.25,4,483,0.18
764,driving,292.50,204.75,92.66,112.09,4,122,0.58
765,driving,409.00,286.30,189.34,96.96,5,161,0.24
766,driving,342.00,239.40,107.10,132.30,4,335,0.64
767,driving,290.50,203.35,133.10,70.25,4,481,0.80
768,driving,195.00,136.50,95.50,41.00,3,863,0.81
769,driving,317.00,221.90,88.07,133.83,4,229,0.57
770,charging,525.00,367.50,213.75,153.75,6,53,0.23
771,charging,339.50,237.65,149.48,88.17,4,49,0.78
772,charging,280.00,196.00,115.56,80.44,3,610,0.43
773,driving,538.50,376.95,219.50,157.45,6,13,0.21
774,charging,228.00,159.60,70.22,89.38,2,603,0.43
775,driving,181.00,126.70,49.62,77.08,3,732,0.89
776,driving,408.50,285.95,186.59,99.36,5,173,0.40
777,charging,458.50,320.95,178.75,142.20,5,184,0.72
778,charging,282.00,197.40,73.89,123.51,3,619,0.33
779,driving,370.00,259.00,138.75,120.25,5,419,0.89
780,driving,297.00,207.90,131.98,75.92,4,290,0.59
781,driving,531.50,372.05,218.75,153.30,6,31,0.25
782,waiting,452.00,316.40,203.00,113.40,5,251,0.17
783,charging,474.00,331.80,209.33,122.47,5,124,0.31
784,driving,249.50,174.65,70.07,104.58,3,590,0.71
785,charging,335.00,234.50,124.74,109.76,4,27,0.72
786,driving,180.50,126.35,42.00,84.35,3,896,0.90
787,driving,344.50,241.15,143.91,97.24,4,196,0.40
788,driving,185.00,129.50,71.21,58.29,3,707,0.94
789,charging,381.50,267.05,163.61,103.44,4,273,0.58
790,driving,421.50,295.05,198.29,96.76,5,136,0.57
791,driving,305.50,213.85,136.41,77.44,4,252,0.64
792,driving,402.50,281.75,203.75,78.00,5,344,0.59
793,charging,230.50,161.35,63.73,97.62,2,785,0.35
794,charging,192.50,134.75,67.24,67.51,2,708,0.94
795,charging,212.50,148.75,74.25,74.50,2,839,0.87
796,driving,341.50,239.05,123.95,115.10,4,174,0.35
797,driving,402.50,281.75,183.87,97.88,5,0,0.37
798,driving,301.50,211.05,134.67,76.38,4,264,0.59
799,driving,397.00,277.90,201.51,76.39,5,165,0.78
800,charging,439.00,307.30,181.00,126.30,5,207,0.77
801,charging,372.50,260.75,174.06,86.69,4,298,0.77
802,charging,399.50,279.65,115.50,164.15,4,166,0.47
803,charging,260.00,182.00,116.39,65.61,3,512,0.76
804,charging,205.50,143.85,69.26,74.59,2,694,0.44
805,charging,173.00,121.10,33.96,87.14,2,768,0.50
806,moving_to_station,341.50,239.05,119.27,119.78,4,0,0.19
807,waiting,362.50,253.75,118.00,135.75,4,480,0.18
808,driving,399.50,279.65,157.83,121.82,5,14,0.39
809,charging,232.50,162.75,48.39,114.36,2,661,0.45
810,driving,379.50,265.65,124.99,140.66,4,95,0.39
811,driving,466.50,326.55,197.03,129.52,6,4,0.71
812,waiting,368.00,257.60,161.25,96.35,4,465,0.15
813,charging,208.00,145.60,63.87,81.73,2,600,0.59
814,charging,281.00,196.70,119.54,77.16,3,580,0.64
815,driving,231.00,161.70,87.94,73.76,3,483,0.53
816,driving,352.50,246.75,117.16,129.59,5,259,0.96
817,driving,334.50,234.15,118.54,115.61,4,53,0.40
818,driving,326.00,228.20,201.00,27.20,4,522,0.55
819,charging,438.50,306.95,156.02,150.93,5,71,0.35
820,driving,432.50,302.75,188.64,114.11,5,107,0.41
821,driving,296.50,207.55,135.79,71.76,4,282,0.68
822,charging,363.50,254.45,130.00,124.45,4,441,0.92
823,driving,381.00,266.70,122.06,144.64,4,127,0.36
824,driving,329.50,230.65,134.22,96.43,4,217,0.58
825,waiting,385.50,269.85,137.75,132.10,4,416,0.17
826,driving,330.50,231.35,121.04,110.31,4,9,0.39
827,charging,340.50,238.35,145.04,93.31,4,130,0.85
828,waiting,444.00,310.80,207.25,103.55,5,236,0.13
829,driving,290.50,203.35,134.50,68.85,4,616,0.86
830,waiting,223.50,156.45,97.00,59.45,2,869,0.16
831,charging,364.50,255.15,122.72,132.43,4,20,0.63
832,waiting,319.00,223.30,78.54,144.76,3,123,0.14
833,waiting,464.00,324.80,164.75,160.05,5,229,0.17
834,driving,279.50,195.65,114.03,81.62,4,313,0.85
835,driving,522.00,365.40,228.75,136.65,7,0,0.99
836,waiting,334.50,234.15,122.43,111.72,4,358,0.15
837,driving,351.50,246.05,196.00,50.05,4,492,0.34
838,driving,497.00,347.90,231.75,116.15,7,20,0.94
839,waiting,301.00,210.70,90.64,120.06,3,497,0.16
840,charging,351.00,245.70,178.86,66.84,4,284,0.91
841,driving,456.00,319.20,237.92,81.28,6,38,0.74
842,waiting,331.00,231.70,85.94,145.76,4,226,0.16
843,waiting,228.00,159.60,60.50,99.10,2,851,0.16
844,waiting,142.00,99.40,35.05,64.35,1,876,0.12
845,driving,360.00,252.00,167.41,84.59,5,72,0.80
846,driving,463.00,324.10,212.68,111.42,6,0,0.93
847,waiting,293.00,205.10,106.25,98.85,3,667,0.18
848,driving,391.00,273.70,178.33,95.37,5,10,0.44
849,driving,291.50,204.05,95.90,108.15,4,294,0.63
850,driving,340.50,238.35,138.84,99.51,4,365,0.66
851,charging,397.00,277.90,147.96,129.94,4,128,0.57
852,charging,415.50,290.85,204.54,86.31,5,52,0.44
853,waiting,379.50,265.65,102.99,162.66,4,276,0.18
854,driving,443.50,310.45,171.15,139.30,6,0,0.95
855,driving,382.00,267.40,189.87,77.53,5,201,0.68
856,driving,407.00,284.90,151.84,133.06,5,168,0.51
857,driving,233.00,163.10,77.60,85.50,3,440,0.70
858,driving,318.50,222.95,81.88,141.07,3,109,0.20
859,waiting,455.50,318.85,204.50,114.35,5,231,0.18
860,charging,445.50,311.85,206.73,105.12,5,15,0.44
861,charging,374.00,261.80,144.73,117.07,4,12,0.58
862,driving,418.00,292.60,177.68,114.92,5,10,0.29
863,waiting,306.50,214.55,94.14,120.41,3,303,0.13
864,driving,445.00,311.50,198.41,113.09,6,35,0.75
865,driving,440.50,308.35,180.75,127.60,5,105,0.24
866,waiting,294.50,206.15,105.21,100.94,3,492,0.18
867,driving,457.00,319.90,237.96,81.94,6,10,0.75
868,charging,333.50,233.45,110.39,123.06,4,0,0.90
869,charging,334.50,234.15,120.95,113.20,4,78,0.55
870,driving,387.50,271.25,204.75,66.50,5,368,0.60
871,driving,392.50,274.75,157.56,117.19,5,38,0.45
872,waiting,309.00,216.30,74.75,141.55,3,638,0.17
873,driving,485.50,339.85,201.50,138.35,6,145,0.87
874,driving,341.00,238.70,118.89,119.81,4,39,0.35
875,driving,487.50,341.25,254.75,86.50,6,89,0.71
876,driving,375.50,262.85,159.72,103.13,5,176,0.99
877,driving,352.50,246.75,159.21,87.54,5,44,0.89
878,driving,356.50,249.55,145.20,104.35,4,155,0.61
879,charging,379.50,265.65,146.89,118.76,4,163,0.50
880,waiting,385.00,269.50,159.25,110.25,4,425,0.18
881,waiting,275.50,192.85,92.22,100.63,3,522,0.17
882,charging,280.50,196.35,108.75,87.60,3,689,0.23
883,charging,356.00,249.20,123.50,125.70,4,473,0.43
884,waiting,384.00,268.80,141.22,127.58,4,261,0.18
885,driving,420.50,294.35,186.16,108.19,5,152,0.69
886,charging,283.50,198.45,87.38,111.07,3,12,0.68
887,waiting,217.50,152.25,48.14,104.11,2,550,0.16
888,charging,340.00,238.00,141.23,96.77,4,98,0.51
889,driving,231.00,161.70,71.76,89.94,3,293,0.61
890,charging,300.00,210.00,81.48,128.52,3,241,0.49
891,driving,415.00,290.50,183.31,107.19,5,0,0.35
892,charging,258.00,180.60,79.60,101.00,3,90,0.43
893,charging,308.50,215.95,89.75,126.20,3,151,0.63
894,driving,283.00,198.10,120.10,78.00,4,77,0.91
895,waiting,519.00,363.30,221.25,142.05,6,12,0.09
896,charging,287.50,201.25,102.69,98.56,3,498,0.21
897,waiting,282.50,197.75,93.28,104.47,3,504,0.18
898,driving,408.50,285.95,181.09,104.86,5,25,0.69
899,charging,304.50,213.15,81.62,131.53,3,223,0.44
900,driving,348.50,243.95,123.27,120.68,5,280,0.90
901,charging,387.00,270.90,110.06,160.84,4,174,0.49
902,driving,479.50,335.65,197.01,138.64,6,0,0.32
903,driving,318.50,222.95,139.72,83.23,4,408,0.68
904,waiting,490.50,343.35,218.50,124.85,6,109,0.16
905,charging,478.50,334.95,191.25,143.70,5,147,0.72
906,driving,275.00,192.50,84.70,107.80,3,189,0.58
907,charging,442.50,309.75,212.75,97.00,5,212,0.61
908,driving,257.50,180.25,98.35,81.90,4,538,0.97
909,charging,364.00,254.80,119.68,135.12,4,482,0.19
910,waiting,414.50,290.15,164.00,126.15,5,330,0.11
911,driving,339.50,237.65,145.56,92.09,4,186,0.65
912,charging,397.50,278.25,164.96,113.29,4,298,0.60
913,driving,343.00,240.10,120.56,119.54,4,0,0.23
914,driving,376.00,263.20,177.92,85.28,5,54,0.98
915,charging,260.50,182.35,68.34,114.01,3,310,0.52
916,driving,312.50,218.75,138.28,80.47,4,433,0.65
917,waiting,274.50,192.15,72.75,119.40,3,712,0.15
918,waiting,443.00,310.10,181.75,128.35,5,233,0.16
919,waiting,254.50,178.15,73.00,105.15,3,744,0.14
920,charging,454.50,318.15,213.00,105.15,5,0,0.60
921,driving,415.00,290.50,185.00,105.50,5,318,0.82
922,driving,450.50,315.35,182.50,132.85,6,193,0.95
923,driving,296.50,207.55,135.20,72.35,4,451,0.73
924,waiting,288.50,201.95,107.50,94.45,3,664,0.09
925,driving,214.00,149.80,70.73,79.07,3,329,0.68
926,waiting,173.50,121.45,41.21,80.24,2,596,0.14
927,charging,466.00,326.20,158.78,167.42,5,9,0.32
928,driving,470.50,329.35,203.00,126.35,5,220,0.27
929,driving,464.00,324.80,177.92,146.88,5,7,0.36
930,driving,466.50,326.55,222.89,103.66,6,6,0.83
931,driving,322.50,225.75,138.09,87.66,4,412,0.69
932,moving_to_station,479.00,335.30,187.86,147.44,5,33,0.19
933,charging,314.00,219.80,128.75,91.05,3,586,0.48
934,waiting,207.00,144.90,61.00,83.90,2,887,0.14
935,driving,302.00,211.40,118.54,92.86,4,95,0.59
936,charging,267.50,187.25,84.11,103.14,3,82,0.61
937,driving,283.00,198.10,119.94,78.16,4,98,0.78
938,waiting,365.00,255.50,129.50,126.00,4,492,0.18
939,waiting,355.00,248.50,136.00,112.50,4,468,0.13
940,moving_to_station,454.50,318.15,210.25,107.90,5,204,0.20
941,waiting,309.50,216.65,71.25,145.40,3,629,0.09
942,waiting,280.50,196.35,121.75,74.60,3,683,0.16
943,waiting,456.50,319.55,201.07,118.48,5,53,0.14
944,driving,276.00,193.20,147.25,45.95,3,699,0.22
945,driving,329.00,230.30,108.91,121.39,4,205,0.24
946,waiting,197.50,138.25,62.75,75.50,2,916,0.17
947,charging,397.00,277.90,157.25,120.65,4,398,0.27
948,driving,463.50,324.45,183.28,141.17,5,81,0.22
949,driving,244.50,171.15,82.76,88.39,3,245,0.51
950,driving,385.50,269.85,187.85,82.00,5,20,0.58
951,waiting,205.50,143.85,75.00,68.85,2,897,0.18
952,driving,431.00,301.70,186.53,115.17,6,36,0.82
953,driving,365.00,255.50,163.00,92.50,5,89,0.85
954,waiting,281.00,196.70,73.50,123.20,3,701,0.16
955,waiting,223.50,156.45,45.44,111.01,2,687,0.18
956,charging,393.00,275.10,202.47,72.63,4,295,0.63
957,waiting,439.50,307.65,169.25,138.40,5,252,0.13
958,driving,490.50,343.35,217.25,126.10,6,108,0.54
959,waiting,343.50,240.45,120.00,120.45,4,522,0.17
960,waiting,264.50,185.15,107.18,77.97,3,537,0.14
961,driving,389.00,272.30,195.00,77.30,4,423,0.27
962,driving,455.00,318.50,186.41,132.09,5,79,0.32
963,waiting,299.00,209.30,109.00,100.30,3,649,0.11
964,driving,379.00,265.30,153.33,111.97,5,231,0.62
965,charging,350.00,245.00,156.49,88.51,4,0,0.81
966,driving,370.00,259.00,181.76,77.24,5,52,0.69
967,waiting,279.50,195.65,145.00,50.65,3,703,0.19
968,charging,398.50,278.95,166.92,112.03,4,214,0.58
969,charging,351.50,246.05,171.33,74.72,4,154,0.75
970,driving,359.50,251.65,166.28,85.37,4,307,0.42
971,waiting,376.50,263.55,200.00,63.55,4,406,0.12
972,driving,298.50,208.95,141.73,67.22,4,400,0.81
973,driving,289.00,202.30,141.00,61.30,3,703,0.31
974,waiting,196.00,137.20,94.00,43.20,2,936,0.17
975,waiting,239.00,167.30,59.25,108.05,2,838,0.15
976,driving,389.00,272.30,223.25,49.05,5,369,0.82
977,charging,288.50,201.95,129.88,72.07,3,463,0.41
978,driving,450.00,315.00,186.46,128.54,5,87,0.35
979,driving,398.00,278.60,154.61,123.99,5,28,0.35
980,waiting,351.00,245.70,137.79,107.91,4,132,0.17
981,driving,384.50,269.15,198.10,71.05,5,219,0.53
982,waiting,276.00,193.20,93.24,99.96,3,536,0.14
983,driving,430.50,301.35,149.51,151.84,5,144,0.48
984,driving,383.50,268.45,137.39,131.06,4,292,0.31
985,charging,310.50,217.35,86.26,131.09,3,526,0.53
986,charging,344.00,240.80,154.43,86.37,4,318,0.37
987,driving,223.00,156.10,82.12,73.98,2,698,0.35
988,driving,473.50,331.45,203.25,128.20,6,151,0.87
989,driving,452.00,316.40,211.23,105.17,6,3,0.93
990,driving,462.50,323.75,166.00,157.75,5,241,0.23
991,waiting,332.00,232.40,124.22,108.18,4,369,0.16
992,charging,379.50,265.65,198.75,66.90,4,358,0.50
993,waiting,266.50,186.55,90.70,95.85,3,564,0.12
994,driving,339.00,237.30,121.56,115.74,4,0,0.49
995,waiting,205.50,143.85,98.00,45.85,2,901,0.17
996,charging,343.00,240.10,139.55,100.55,4,75,0.37
997,driving,521.00,364.70,228.75,135.95,7,0,0.97
998,driving,503.00,352.10,230.00,122.10,7,18,0.98
999,driving,386.00,270.20,103.39,166.81,4,279,0.25
